question,function_calls,full_response,stopped
Delete the first event on 2023-12-23,"calendar.search_events({'time_min': '2023-12-23 00:00:00', 'time_max': '2023-12-23 23:59:59'}),calendar.delete_event({'event_id': '00000320'})","{'input': 'Delete the first event on 2023-12-23', 'output': 'The first event on 2023-12-23 has been deleted successfully.', 'intermediate_steps': [(AgentAction(tool='calendar.search_events', tool_input={'time_min': '2023-12-23 00:00:00', 'time_max': '2023-12-23 23:59:59'}, log='Action:\n```json\n{\n  ""action"": ""calendar.search_events"",\n  ""action_input"": {\n    ""time_min"": ""2023-12-23 00:00:00"",\n    ""time_max"": ""2023-12-23 23:59:59""\n  }\n}\n```\n'), [{'event_id': '00000320', 'event_name': 'Sales Incentive Plan Announcement', 'participant_email': 'Nia.Johnson@company.com', 'event_start': '2023-12-23 09:00:00', 'duration': '30'}, {'event_id': '00000144', 'event_name': 'Digital Transformation Summit', 'participant_email': 'Jinsoo.Kim@company.com', 'event_start': '2023-12-23 09:30:00', 'duration': '60'}, {'event_id': '00000415', 'event_name': 'Risk Management Roundtable', 'participant_email': 'Akira.Sato@company.com', 'event_start': '2023-12-23 10:30:00', 'duration': '120'}, {'event_id': '00000055', 'event_name': 'IT Systems Upgrade Briefing', 'participant_email': 'Santiago.Martinez@company.com', 'event_start': '2023-12-23 12:30:00', 'duration': '120'}, {'event_id': '00000374', 'event_name': 'Employee Recognition Ceremony', 'participant_email': 'Yuki.Tanaka@company.com', 'event_start': '2023-12-23 14:30:00', 'duration': '30'}]), (AgentAction(tool='calendar.delete_event', tool_input={'event_id': '00000320'}, log='The first event on 2023-12-23 is \'Sales Incentive Plan Announcement\' with the event ID \'00000320\'. To delete this event, I will use the calendar.delete_event tool with the event ID provided.\n\nAction:\n```json\n{\n  ""action"": ""calendar.delete_event"",\n  ""action_input"": {\n    ""event_id"": ""00000320""\n  }\n}\n```'), 'Event deleted successfully.')]}",False
Delete the first event on 2023-11-06,"calendar.search_events({'time_min': '2023-11-06 00:00:00', 'time_max': '2023-11-06 23:59:59'}),calendar.delete_event({'event_id': '00000267'})","{'input': 'Delete the first event on 2023-11-06', 'output': 'The first event on 2023-11-06 has been deleted successfully.', 'intermediate_steps': [(AgentAction(tool='calendar.search_events', tool_input={'time_min': '2023-11-06 00:00:00', 'time_max': '2023-11-06 23:59:59'}, log='Thought: To delete the first event on 2023-11-06, I need to search for events on that date, identify the first one, and then delete it using its event ID.\n\nAction:\n```\n{\n  ""action"": ""calendar.search_events"",\n  ""action_input"": {\n    ""time_min"": ""2023-11-06 00:00:00"",\n    ""time_max"": ""2023-11-06 23:59:59""\n  }\n}\n```\n\n'), [{'event_id': '00000267', 'event_name': 'Global Team Video Conference', 'participant_email': 'Leila.Azizi@company.com', 'event_start': '2023-11-06 09:00:00', 'duration': '60'}, {'event_id': '00000464', 'event_name': 'Health and Wellness Fair', 'participant_email': 'Santiago.Martinez@company.com', 'event_start': '2023-11-06 10:00:00', 'duration': '30'}, {'event_id': '00000471', 'event_name': 'Supply Chain Optimization Workshop', 'participant_email': 'Carlos.Rodriguez@company.com', 'event_start': '2023-11-06 10:30:00', 'duration': '60'}, {'event_id': '00000216', 'event_name': 'Executive Leadership Offsite', 'participant_email': 'Akira.Sato@company.com', 'event_start': '2023-11-06 11:30:00', 'duration': '30'}, {'event_id': '00000197', 'event_name': 'Operational Excellence Conference', 'participant_email': 'Jinsoo.Kim@company.com', 'event_start': '2023-11-06 12:30:00', 'duration': '30'}]), (AgentAction(tool='calendar.delete_event', tool_input={'event_id': '00000267'}, log='The first event on 2023-11-06 is the ""Global Team Video Conference"" with the event ID \'00000267\'. I will proceed to delete this event.\n\nAction:\n```\n{\n  ""action"": ""calendar.delete_event"",\n  ""action_input"": {\n    ""event_id"": ""00000267""\n  }\n}\n```'), 'Event deleted successfully.')]}",False
Delete the first event on 2023-10-18,"calendar.search_events({'time_min': '2023-10-18 00:00:00', 'time_max': '2023-10-18 23:59:59'}),calendar.delete_event({'event_id': '00000169'})","{'input': 'Delete the first event on 2023-10-18', 'output': 'The first event on 2023-10-18 has been deleted successfully.', 'intermediate_steps': [(AgentAction(tool='calendar.search_events', tool_input={'time_min': '2023-10-18 00:00:00', 'time_max': '2023-10-18 23:59:59'}, log='Thought: To delete the first event on a specific date, I need to search for events on that date, identify the first event, and then delete it using its event ID.\n\nAction:\n```\n{\n  ""action"": ""calendar.search_events"",\n  ""action_input"": {\n    ""time_min"": ""2023-10-18 00:00:00"",\n    ""time_max"": ""2023-10-18 23:59:59""\n  }\n}\n```\n\n'), [{'event_id': '00000169', 'event_name': 'Employee Benefits Review', 'participant_email': 'Raj.Patel@company.com', 'event_start': '2023-10-18 09:30:00', 'duration': '180'}, {'event_id': '00000358', 'event_name': 'Year-End Performance Evaluations', 'participant_email': 'Nadia.Moreau@company.com', 'event_start': '2023-10-18 12:30:00', 'duration': '90'}, {'event_id': '00000494', 'event_name': 'R&D Innovation Showcase', 'participant_email': 'Olga.Petrova@company.com', 'event_start': '2023-10-18 14:30:00', 'duration': '30'}, {'event_id': '00000475', 'event_name': 'Customer Feedback Forum', 'participant_email': 'Jinsoo.Kim@company.com', 'event_start': '2023-10-18 15:00:00', 'duration': '30'}, {'event_id': '00000127', 'event_name': 'Annual Budget Planning Session', 'participant_email': 'Leila.Azizi@company.com', 'event_start': '2023-10-18 15:30:00', 'duration': '150'}]), (AgentAction(tool='calendar.delete_event', tool_input={'event_id': '00000169'}, log='The first event on 2023-10-18 is ""Employee Benefits Review"" with the event ID \'00000169\'. I will proceed to delete this event.\n\nAction:\n```\n{\n  ""action"": ""calendar.delete_event"",\n  ""action_input"": {\n    ""event_id"": ""00000169""\n  }\n}\n```'), 'Event deleted successfully.')]}",False
Change the name of the last event on 2023-12-28 to Diversity and Inclusion Seminar,"calendar.search_events({'time_max': '2023-12-28 23:59:59'}),calendar.search_events({'time_min': '2023-12-28 00:00:00', 'time_max': '2023-12-28 23:59:59'}),calendar.update_event({'event_id': '00000107', 'field': 'event_name', 'new_value': 'Diversity and Inclusion Seminar'})","{'input': 'Change the name of the last event on 2023-12-28 to Diversity and Inclusion Seminar', 'output': 'The name of the last event on 2023-12-28 has been successfully changed to Diversity and Inclusion Seminar.', 'intermediate_steps': [(AgentAction(tool='calendar.search_events', tool_input={'time_max': '2023-12-28 23:59:59'}, log='Action:\n```json\n{\n  ""action"": ""calendar.search_events"",\n  ""action_input"": {\n    ""time_max"": ""2023-12-28 23:59:59""\n  }\n}\n```\n'), [{'event_id': '00000240', 'event_name': 'Sustainability Initiatives Update', 'participant_email': 'Raj.Patel@company.com', 'event_start': '2023-10-01 09:00:00', 'duration': '60'}, {'event_id': '00000070', 'event_name': 'Brand Refresh Reveal', 'participant_email': 'Chenwei.Zhang@company.com', 'event_start': '2023-10-01 10:00:00', 'duration': '120'}, {'event_id': '00000051', 'event_name': 'Vendor Selection Panel', 'participant_email': 'Jinsoo.Kim@company.com', 'event_start': '2023-10-01 13:00:00', 'duration': '60'}, {'event_id': '00000271', 'event_name': 'Customer Service Excellence Training', 'participant_email': 'Fatima.Khan@company.com', 'event_start': '2023-10-01 14:00:00', 'duration': '60'}, {'event_id': '00000029', 'event_name': 'Sales Incentive Plan Announcement', 'participant_email': 'Sofia.Santos@company.com', 'event_start': '2023-10-01 15:30:00', 'duration': '30'}]), (AgentAction(tool='calendar.search_events', tool_input={'time_min': '2023-12-28 00:00:00', 'time_max': '2023-12-28 23:59:59'}, log='The observation shows events on 2023-10-01, not on 2023-12-28. I need to search for events specifically on 2023-12-28 to find the last event of that day to change its name to ""Diversity and Inclusion Seminar"". I will adjust the search parameters to only include events on 2023-12-28.\n\nAction:\n```json\n{\n  ""action"": ""calendar.search_events"",\n  ""action_input"": {\n    ""time_min"": ""2023-12-28 00:00:00"",\n    ""time_max"": ""2023-12-28 23:59:59""\n  }\n}\n```'), [{'event_id': '00000407', 'event_name': 'Corporate Social Responsibility Day', 'participant_email': 'Leila.Azizi@company.com', 'event_start': '2023-12-28 09:00:00', 'duration': '30'}, {'event_id': '00000068', 'event_name': 'Operational Excellence Conference', 'participant_email': 'Kofi.Mensah@company.com', 'event_start': '2023-12-28 09:30:00', 'duration': '90'}, {'event_id': '00000242', 'event_name': 'Creative Ideation Session', 'participant_email': 'Carlos.Rodriguez@company.com', 'event_start': '2023-12-28 11:00:00', 'duration': '60'}, {'event_id': '00000107', 'event_name': 'Executive Leadership Offsite', 'participant_email': 'Carlos.Rodriguez@company.com', 'event_start': '2023-12-28 13:30:00', 'duration': '180'}]), (AgentAction(tool='calendar.update_event', tool_input={'event_id': '00000107', 'field': 'event_name', 'new_value': 'Diversity and Inclusion Seminar'}, log='The last event on 2023-12-28 is ""Executive Leadership Offsite"" with the event ID \'00000107\'. I will proceed to update the name of this event to ""Diversity and Inclusion Seminar"".\n\nAction:\n```json\n{\n  ""action"": ""calendar.update_event"",\n  ""action_input"": {\n    ""event_id"": ""00000107"",\n    ""field"": ""event_name"",\n    ""new_value"": ""Diversity and Inclusion Seminar""\n  }\n}\n```\n'), 'Event updated successfully.')]}",False
Change the name of the last event on 2023-12-17 to Quarterly Sales Review,"calendar.search_events({'time_min': '2023-12-17 00:00:00', 'time_max': '2023-12-17 23:59:59'}),calendar.update_event({'event_id': '00000090', 'field': 'event_name', 'new_value': 'Quarterly Sales Review'})","{'input': 'Change the name of the last event on 2023-12-17 to Quarterly Sales Review', 'output': 'The name of the last event on 2023-12-17 has been successfully changed to Quarterly Sales Review.', 'intermediate_steps': [(AgentAction(tool='calendar.search_events', tool_input={'time_min': '2023-12-17 00:00:00', 'time_max': '2023-12-17 23:59:59'}, log='Thought: To change the name of the last event on a specific date, I first need to search for events on that date and identify the last one.\n\nAction:\n```\n{\n  ""action"": ""calendar.search_events"",\n  ""action_input"": {\n    ""time_min"": ""2023-12-17 00:00:00"",\n    ""time_max"": ""2023-12-17 23:59:59""\n  }\n}\n```'), [{'event_id': '00000081', 'event_name': 'Cross-Functional Collaboration Workshop', 'participant_email': 'Raj.Patel@company.com', 'event_start': '2023-12-17 09:30:00', 'duration': '30'}, {'event_id': '00000446', 'event_name': 'New Hire Orientation', 'participant_email': 'Santiago.Martinez@company.com', 'event_start': '2023-12-17 10:00:00', 'duration': '60'}, {'event_id': '00000245', 'event_name': 'Annual Budget Planning Session', 'participant_email': 'Kofi.Mensah@company.com', 'event_start': '2023-12-17 12:00:00', 'duration': '30'}, {'event_id': '00000340', 'event_name': 'Team Building Retreat', 'participant_email': 'Nia.Johnson@company.com', 'event_start': '2023-12-17 12:30:00', 'duration': '30'}, {'event_id': '00000090', 'event_name': 'Internal Audit Summary', 'participant_email': 'Fatima.Khan@company.com', 'event_start': '2023-12-17 13:00:00', 'duration': '30'}]), (AgentAction(tool='calendar.update_event', tool_input={'event_id': '00000090', 'field': 'event_name', 'new_value': 'Quarterly Sales Review'}, log='The last event on 2023-12-17 based on the start time is ""Internal Audit Summary"" with the event ID \'00000090\'. I will now update the name of this event to ""Quarterly Sales Review"".\n\nAction:\n```\n{\n  ""action"": ""calendar.update_event"",\n  ""action_input"": {\n    ""event_id"": ""00000090"",\n    ""field"": ""event_name"",\n    ""new_value"": ""Quarterly Sales Review""\n  }\n}\n```\n'), 'Event updated successfully.')]}",False
Change the name of the last event on 2023-10-04 to Team Building Retreat,"calendar.search_events({'time_min': '2023-10-04 00:00:00', 'time_max': '2023-10-04 23:59:59'}),calendar.update_event({'event_id': '00000142', 'field': 'event_name', 'new_value': 'Team Building Retreat'})","{'input': 'Change the name of the last event on 2023-10-04 to Team Building Retreat', 'output': 'The name of the last event on 2023-10-04 has been successfully changed to Team Building Retreat.', 'intermediate_steps': [(AgentAction(tool='calendar.search_events', tool_input={'time_min': '2023-10-04 00:00:00', 'time_max': '2023-10-04 23:59:59'}, log='Thought: To change the name of the last event on a specific date, I first need to search for events on that date and identify the last one.\n\nAction:\n```\n{\n  ""action"": ""calendar.search_events"",\n  ""action_input"": {\n    ""time_min"": ""2023-10-04 00:00:00"",\n    ""time_max"": ""2023-10-04 23:59:59""\n  }\n}\n```\n\n'), [{'event_id': '00000295', 'event_name': 'Board of Directors Meeting', 'participant_email': 'Akira.Sato@company.com', 'event_start': '2023-10-04 09:30:00', 'duration': '30'}, {'event_id': '00000328', 'event_name': 'Career Development Forum', 'participant_email': 'Olga.Petrova@company.com', 'event_start': '2023-10-04 10:30:00', 'duration': '60'}, {'event_id': '00000427', 'event_name': 'Vendor Selection Panel', 'participant_email': 'Kofi.Mensah@company.com', 'event_start': '2023-10-04 11:30:00', 'duration': '30'}, {'event_id': '00000450', 'event_name': 'Leadership Training Workshop', 'participant_email': 'Olga.Petrova@company.com', 'event_start': '2023-10-04 12:00:00', 'duration': '30'}, {'event_id': '00000142', 'event_name': 'Employee Benefits Review', 'participant_email': 'Lena.Schmidt@company.com', 'event_start': '2023-10-04 12:30:00', 'duration': '60'}]), (AgentAction(tool='calendar.update_event', tool_input={'event_id': '00000142', 'field': 'event_name', 'new_value': 'Team Building Retreat'}, log='The last event on 2023-10-04 is ""Employee Benefits Review"" with the event ID \'00000142\'. I will now update the name of this event to ""Team Building Retreat"".\n\nAction:\n```\n{\n  ""action"": ""calendar.update_event"",\n  ""action_input"": {\n    ""event_id"": ""00000142"",\n    ""field"": ""event_name"",\n    ""new_value"": ""Team Building Retreat""\n  }\n}\n```\n\n\n'), 'Event updated successfully.')]}",False
Push back my first meeting with Raj on 2023-10-30 by 1.5 hours,"calendar.search_events({'query': 'Raj', 'time_min': '2023-10-30 00:00:00', 'time_max': '2023-10-30 23:59:59'}),calendar.update_event({'event_id': '00000436', 'field': 'event_start', 'new_value': '2023-10-30 16:00:00'})","{'input': 'Push back my first meeting with Raj on 2023-10-30 by 1.5 hours', 'output': 'Your meeting with Raj on 2023-10-30 has been successfully rescheduled to start at 16:00.', 'intermediate_steps': [(AgentAction(tool='calendar.search_events', tool_input={'query': 'Raj', 'time_min': '2023-10-30 00:00:00', 'time_max': '2023-10-30 23:59:59'}, log='Thought: To push back the meeting, I need to find the event details first, including the start time, so I can calculate the new start time.\n\nAction:\n```\n{\n  ""action"": ""calendar.search_events"",\n  ""action_input"": {\n    ""query"": ""Raj"",\n    ""time_min"": ""2023-10-30 00:00:00"",\n    ""time_max"": ""2023-10-30 23:59:59""\n  }\n}\n```\n'), [{'event_id': '00000436', 'event_name': 'Global Team Video Conference', 'participant_email': 'Raj.Patel@company.com', 'event_start': '2023-10-30 14:30:00', 'duration': '30'}]), (AgentAction(tool='calendar.update_event', tool_input={'event_id': '00000436', 'field': 'event_start', 'new_value': '2023-10-30 16:00:00'}, log='The meeting with Raj on 2023-10-30 is scheduled to start at 14:30. To push it back by 1.5 hours, the new start time should be 16:00 on the same day.\n\nAction:\n```\n{\n  ""action"": ""calendar.update_event"",\n  ""action_input"": {\n    ""event_id"": ""00000436"",\n    ""field"": ""event_start"",\n    ""new_value"": ""2023-10-30 16:00:00""\n  }\n}\n```\n\n'), 'Event updated successfully.')]}",False
Push back my first meeting with Olga on 2023-10-04 by 1.5 hours,"calendar.search_events({'query': 'Olga', 'time_min': '2023-10-04 00:00:00', 'time_max': '2023-10-04 23:59:59'}),calendar.update_event({'event_id': '00000328', 'field': 'event_start', 'new_value': '2023-10-04 12:00:00'})","{'input': 'Push back my first meeting with Olga on 2023-10-04 by 1.5 hours', 'output': 'Your meeting with Olga on 2023-10-04 has been successfully pushed back to 12:00 PM.', 'intermediate_steps': [(AgentAction(tool='calendar.search_events', tool_input={'query': 'Olga', 'time_min': '2023-10-04 00:00:00', 'time_max': '2023-10-04 23:59:59'}, log='Thought: To push back the meeting, I need to find the event first. I will search for events with Olga on the specified date.\n\nAction:\n```\n{\n  ""action"": ""calendar.search_events"",\n  ""action_input"": {\n    ""query"": ""Olga"",\n    ""time_min"": ""2023-10-04 00:00:00"",\n    ""time_max"": ""2023-10-04 23:59:59""\n  }\n}\n```\n'), [{'event_id': '00000328', 'event_name': 'Career Development Forum', 'participant_email': 'Olga.Petrova@company.com', 'event_start': '2023-10-04 10:30:00', 'duration': '60'}, {'event_id': '00000450', 'event_name': 'Leadership Training Workshop', 'participant_email': 'Olga.Petrova@company.com', 'event_start': '2023-10-04 12:00:00', 'duration': '30'}, {'event_id': '00000241', 'event_name': 'Organizational Restructuring Briefing', 'participant_email': 'Olga.Petrova@company.com', 'event_start': '2023-10-04 15:30:00', 'duration': '120'}]), (AgentAction(tool='calendar.update_event', tool_input={'event_id': '00000328', 'field': 'event_start', 'new_value': '2023-10-04 12:00:00'}, log='The first meeting with Olga on 2023-10-04 is the ""Career Development Forum"" starting at 10:30 AM. To push it back by 1.5 hours, I need to calculate the new start time and update the event.\n\nAction:\n```\n{\n  ""action"": ""calendar.update_event"",\n  ""action_input"": {\n    ""event_id"": ""00000328"",\n    ""field"": ""event_start"",\n    ""new_value"": ""2023-10-04 12:00:00""\n  }\n}\n```\n\n'), 'Event updated successfully.')]}",False
Push back my first meeting with Carlos on 2023-12-25 by 1.5 hours,"calendar.search_events({'query': 'Carlos', 'time_min': '2023-12-25 00:00:00', 'time_max': '2023-12-25 23:59:59'}),calendar.update_event({'event_id': '00000024', 'field': 'event_start', 'new_value': '2023-12-25 15:30:00'})","{'input': 'Push back my first meeting with Carlos on 2023-12-25 by 1.5 hours', 'output': 'Your meeting with Carlos on 2023-12-25 has been successfully pushed back by 1.5 hours and will now start at 15:30.', 'intermediate_steps': [(AgentAction(tool='calendar.search_events', tool_input={'query': 'Carlos', 'time_min': '2023-12-25 00:00:00', 'time_max': '2023-12-25 23:59:59'}, log='Thought: To push back the meeting, I need to find the first meeting with Carlos on the specified date and then update the start time by adding 1.5 hours to it.\n\nAction:\n```\n{\n  ""action"": ""calendar.search_events"",\n  ""action_input"": {\n    ""query"": ""Carlos"",\n    ""time_min"": ""2023-12-25 00:00:00"",\n    ""time_max"": ""2023-12-25 23:59:59""\n  }\n}\n```\n'), [{'event_id': '00000024', 'event_name': 'Risk Management Roundtable', 'participant_email': 'Carlos.Rodriguez@company.com', 'event_start': '2023-12-25 14:00:00', 'duration': '30'}]), (AgentAction(tool='calendar.update_event', tool_input={'event_id': '00000024', 'field': 'event_start', 'new_value': '2023-12-25 15:30:00'}, log='The first meeting with Carlos on 2023-12-25 is the ""Risk Management Roundtable"" starting at 14:00. To push it back by 1.5 hours, I need to calculate the new start time and then update the event.\n\nAction:\n```\n{\n  ""action"": ""calendar.update_event"",\n  ""action_input"": {\n    ""event_id"": ""00000024"",\n    ""field"": ""event_start"",\n    ""new_value"": ""2023-12-25 15:30:00""\n  }\n}\n```\n\n'), 'Event updated successfully.')]}",False
