Subject,Content
Meeting Request,Please find attached the details for our next meeting.
Project Update,Here is the update on the current project.
Invoice Attached,Attached is the invoice for the recent transaction.
Reminder: Event Tomorrow,This is a reminder that the event is scheduled for tomorrow.
Weekly Report,Attached is the weekly report for your review.
Meeting Rescheduled,Please note the change in the meeting date and time.
New Policy Update,We have updated our policy. Please read the attached document for details.
Customer Feedback Summary,Attached is the summary of customer feedback from last month.
Urgent: Server Downtime,Please be aware of the unplanned server downtime occurring tonight.
Monthly Sales Figures,Please find the monthly sales figures in the attached document.
Staff Roster for Next Week,Attached is the staff roster for next week.
Holiday Schedule Confirmation,Confirming the holiday schedule as discussed.
Training Session Confirmation,Your registration for the upcoming training session is confirmed.
Travel Itinerary Details,Attached are the details of your travel itinerary.
Budget Approval Request,Please review and approve the attached budget proposal.
Client Meeting Follow-up,Here's a summary of the points discussed in our recent client meeting.
Press Release Draft,Please review the attached draft of our upcoming press release.
Health and Safety Update,Find the latest health and safety guidelines attached.
IT System Upgrade Schedule,Please review the schedule for the upcoming IT system upgrade.
Employee Satisfaction Survey Results,The results of the recent employee satisfaction survey are attached.
